group,team,confederation,predicted_position
A,Mexico,CONCACAF,
A,South Africa,CAF,
A,South Korea,AFC,
A,Czechia,UEFA,
B,Canada,CONCACAF,
B,Bosnia and Herzegovina,UEFA,
B,Qatar,AFC,
B,Switzerland,UEFA,
C,Brazil,CONMEBOL,
C,Morocco,CAF,
C,Haiti,CONCACAF,
C,Scotland,UEFA,
D,United States,CONCACAF,
D,Paraguay,CONMEBOL,
D,Australia,AFC,
D,Turkiye,UEFA,
E,Germany,UEFA,
E,Curacao,CONCACAF,
E,Cote d'Ivoire,CAF,
E,Ecuador,CONMEBOL,
F,Netherlands,UEFA,
F,Japan,AFC,
F,Sweden,UEFA,
F,Tunisia,CAF,
G,Belgium,UEFA,
G,Egypt,CAF,
G,Iran,AFC,
G,New Zealand,OFC,
H,Spain,UEFA,
H,Cape Verde,CAF,
H,Saudi Arabia,AFC,
H,Uruguay,CONMEBOL,
I,France,UEFA,
I,Senegal,CAF,
I,Iraq,AFC,
I,Norway,UEFA,
J,Argentina,CONMEBOL,
J,Algeria,CAF,
J,Austria,UEFA,
J,Jordan,AFC,
K,Portugal,UEFA,
K,DR Congo,CAF,
K,Uzbekistan,AFC,
K,Colombia,CONMEBOL,
L,England,UEFA,
L,Croatia,UEFA,
L,Ghana,CAF,
L,Panama,CONCACAF,