match_no,round,date,city,team1_slot,team2_slot,predicted_team1,predicted_team2,predicted_winner
73,Round of 32,2026-06-28,Los Angeles,A2,B2,,,
74,Round of 32,2026-06-29,Boston,E1,3rd(A/B/C/D/F),,,
75,Round of 32,2026-06-29,Monterrey,F1,C2,,,
76,Round of 32,2026-06-29,Houston,C1,F2,,,
77,Round of 32,2026-06-30,New York/New Jersey,I1,3rd(C/D/F/G/H),,,
78,Round of 32,2026-06-30,Dallas,E2,I2,,,
79,Round of 32,2026-06-30,Mexico City,A1,3rd(C/E/F/H/I),,,
80,Round of 32,2026-07-01,Atlanta,L1,3rd(E/H/I/J/K),,,
81,Round of 32,2026-07-01,San Francisco Bay Area,D1,3rd(B/E/F/I/J),,,
82,Round of 32,2026-07-01,Seattle,G1,3rd(A/E/H/I/J),,,
83,Round of 32,2026-07-02,Toronto,K2,L2,,,
84,Round of 32,2026-07-02,Los Angeles,H1,J2,,,
85,Round of 32,2026-07-02,Vancouver,B1,3rd(E/F/G/I/J),,,
86,Round of 32,2026-07-03,Miami,J1,H2,,,
87,Round of 32,2026-07-03,Kansas City,K1,3rd(D/E/I/J/L),,,
88,Round of 32,2026-07-03,Dallas,D2,G2,,,
89,Round of 16,2026-07-04,Philadelphia,W74,W77,,,
90,Round of 16,2026-07-04,Houston,W73,W75,,,
91,Round of 16,2026-07-05,New York/New Jersey,W76,W78,,,
92,Round of 16,2026-07-05,Mexico City,W79,W80,,,
93,Round of 16,2026-07-06,Dallas,W83,W84,,,
94,Round of 16,2026-07-06,Seattle,W81,W82,,,
95,Round of 16,2026-07-07,Atlanta,W86,W88,,,
96,Round of 16,2026-07-07,Vancouver,W85,W87,,,
97,Quarter-final,2026-07-09,Boston,W89,W90,,,
98,Quarter-final,2026-07-10,Los Angeles,W93,W94,,,
99,Quarter-final,2026-07-11,Miami,W91,W92,,,
100,Quarter-final,2026-07-11,Kansas City,W95,W96,,,
101,Semi-final,2026-07-14,Dallas,W97,W98,,,
102,Semi-final,2026-07-15,Atlanta,W99,W100,,,
103,Third place,2026-07-18,Miami,L101,L102,,,
104,Final,2026-07-19,New York/New Jersey,W101,W102,,,
