group,matchday,date_et,team1,team2,venue_city,predicted_team1_goals,predicted_team2_goals
A,1,2026-06-11,Mexico,South Africa,Mexico City,,
A,1,2026-06-11,South Korea,Czechia,Guadalajara,,
A,2,2026-06-18,Czechia,South Africa,Atlanta,,
A,2,2026-06-18,Mexico,South Korea,Guadalajara,,
A,3,2026-06-24,Czechia,Mexico,Mexico City,,
A,3,2026-06-24,South Africa,South Korea,Monterrey,,
B,1,2026-06-12,Canada,Bosnia and Herzegovina,Toronto,,
B,1,2026-06-13,Qatar,Switzerland,San Francisco Bay Area,,
B,2,2026-06-18,Switzerland,Bosnia and Herzegovina,Los Angeles,,
B,2,2026-06-18,Canada,Qatar,Vancouver,,
B,3,2026-06-24,Switzerland,Canada,Vancouver,,
B,3,2026-06-24,Bosnia and Herzegovina,Qatar,Seattle,,
C,1,2026-06-13,Brazil,Morocco,New York/New Jersey,,
C,1,2026-06-13,Haiti,Scotland,Boston,,
C,2,2026-06-19,Scotland,Morocco,Boston,,
C,2,2026-06-19,Brazil,Haiti,Philadelphia,,
C,3,2026-06-24,Scotland,Brazil,Miami,,
C,3,2026-06-24,Morocco,Haiti,Atlanta,,
D,1,2026-06-12,United States,Paraguay,Los Angeles,,
D,1,2026-06-13,Australia,Turkiye,Vancouver,,
D,2,2026-06-19,United States,Australia,Seattle,,
D,2,2026-06-19,Turkiye,Paraguay,San Francisco Bay Area,,
D,3,2026-06-25,Turkiye,United States,Los Angeles,,
D,3,2026-06-25,Paraguay,Australia,San Francisco Bay Area,,
E,1,2026-06-14,Germany,Curacao,Houston,,
E,1,2026-06-14,Cote d'Ivoire,Ecuador,Philadelphia,,
E,2,2026-06-20,Germany,Cote d'Ivoire,Toronto,,
E,2,2026-06-20,Ecuador,Curacao,Kansas City,,
E,3,2026-06-25,Ecuador,Germany,New York/New Jersey,,
E,3,2026-06-25,Curacao,Cote d'Ivoire,Philadelphia,,
F,1,2026-06-14,Netherlands,Japan,Dallas,,
F,1,2026-06-14,Sweden,Tunisia,Monterrey,,
F,2,2026-06-20,Netherlands,Sweden,Houston,,
F,2,2026-06-21,Tunisia,Japan,Monterrey,,
F,3,2026-06-25,Japan,Sweden,Dallas,,
F,3,2026-06-25,Tunisia,Netherlands,Kansas City,,
G,1,2026-06-15,Belgium,Egypt,Seattle,,
G,1,2026-06-15,Iran,New Zealand,Los Angeles,,
G,2,2026-06-21,Belgium,Iran,Los Angeles,,
G,2,2026-06-21,New Zealand,Egypt,Vancouver,,
G,3,2026-06-26,Egypt,Iran,Seattle,,
G,3,2026-06-26,New Zealand,Belgium,Vancouver,,
H,1,2026-06-15,Spain,Cape Verde,Atlanta,,
H,1,2026-06-15,Saudi Arabia,Uruguay,Miami,,
H,2,2026-06-21,Spain,Saudi Arabia,Atlanta,,
H,2,2026-06-21,Uruguay,Cape Verde,Miami,,
H,3,2026-06-26,Cape Verde,Saudi Arabia,Houston,,
H,3,2026-06-26,Uruguay,Spain,Guadalajara,,
I,1,2026-06-16,France,Senegal,New York/New Jersey,,
I,1,2026-06-16,Iraq,Norway,Boston,,
I,2,2026-06-22,France,Iraq,Philadelphia,,
I,2,2026-06-22,Norway,Senegal,New York/New Jersey,,
I,3,2026-06-26,Norway,France,Boston,,
I,3,2026-06-26,Senegal,Iraq,Toronto,,
J,1,2026-06-16,Argentina,Algeria,Kansas City,,
J,1,2026-06-17,Austria,Jordan,San Francisco Bay Area,,
J,2,2026-06-22,Argentina,Austria,Dallas,,
J,2,2026-06-22,Jordan,Algeria,San Francisco Bay Area,,
J,3,2026-06-27,Algeria,Austria,Kansas City,,
J,3,2026-06-27,Jordan,Argentina,Dallas,,
K,1,2026-06-17,Portugal,DR Congo,Houston,,
K,1,2026-06-17,Uzbekistan,Colombia,Mexico City,,
K,2,2026-06-23,Portugal,Uzbekistan,Houston,,
K,2,2026-06-23,Colombia,DR Congo,Guadalajara,,
K,3,2026-06-27,Colombia,Portugal,Miami,,
K,3,2026-06-27,DR Congo,Uzbekistan,Atlanta,,
L,1,2026-06-17,England,Croatia,Dallas,,
L,1,2026-06-17,Ghana,Panama,Toronto,,
L,2,2026-06-23,England,Ghana,Boston,,
L,2,2026-06-23,Panama,Croatia,Toronto,,
L,3,2026-06-27,Panama,England,New York/New Jersey,,
L,3,2026-06-27,Croatia,Ghana,Philadelphia,,
